{
  "pair": "BTC/USDT",
  "initial_capital": 20.0,
  "final_value": 19.998236999519083,
  "pnl": -0.001763000480917043,
  "roi_pct": -0.008815002404582994,
  "sharpe_ratio": 0.0,
  "sqn": 0.0,
  "max_drawdown_pct": 0.019062346932194885,
  "total_trades": 1,
  "won_trades": 0,
  "lost_trades": 0,
  "win_rate_pct": 0.0,
  "timestamp": "2025-05-12T10:12:33.444628"
}