{"loss": [0.00568810012191534, 0.0006021090084686875, 0.000470174039946869, 0.00041187353781424463, 0.0003939233720302582, 0.0003854717069771141, 0.0003752709599211812, 0.0003603158111218363, 0.00033727585105225444, 0.00033271723077632487, 0.00032747149816714227, 0.0003192793810740113, 0.00029853524756617844, 0.0002743806107901037, 0.0002678821620065719, 0.0002654602867551148, 0.00026344749494455755, 0.0002572127850726247, 0.00025689625181257725, 0.00025614461628720164, 0.00025556638138368726, 0.0002549160271883011, 0.0002516162348911166, 0.00025132723385468125, 0.00025075930170714855], "val_loss": [0.0006684340187348425, 0.0005307101528160274, 0.0004235744709149003, 0.0004047975526191294, 0.000387831125408411, 0.0003836922987829894, 0.00036873086355626583, 0.0003468087234068662, 0.00033996879938058555, 0.00033435007208026946, 0.00032924115657806396, 0.0003162266220897436, 0.0002979267155751586, 0.00027456687530502677, 0.0002679285826161504, 0.00026632336084730923, 0.00026732514379546046, 0.00025813726824708283, 0.0002580234140623361, 0.00025705137522891164, 0.0002588172210380435, 0.00025515686138533056, 0.0002522846043575555, 0.00025071122217923403, 0.00025317378458566964], "learning_rate": [0.0010000000474974513, 0.0010000000474974513, 0.0010000000474974513, 0.0010000000474974513, 0.0010000000474974513, 0.0010000000474974513, 0.0010000000474974513, 0.0010000000474974513, 0.0005000000237487257, 0.0005000000237487257, 0.0005000000237487257, 0.0005000000237487257, 0.0005000000237487257, 0.0005000000237487257, 0.0005000000237487257, 0.0005000000237487257, 0.0005000000237487257, 0.0002500000118743628, 0.0002500000118743628, 0.0002500000118743628, 0.0002500000118743628, 0.0002500000118743628, 0.0001250000059371814, 0.0001250000059371814, 0.0001250000059371814]}