{"loss": [0.03453750163316727, 0.0030492879450321198, 0.0020423932000994682, 0.0017206794582307339, 0.0015376952942460775], "val_loss": [0.004025666508823633, 0.0027669942937791348, 0.0020808191038668156, 0.0019978114869445562, 0.001772740506567061], "learning_rate": [0.0010000000474974513, 0.0010000000474974513, 0.0010000000474974513, 0.0010000000474974513, 0.0010000000474974513]}